salt_US_short_tons_per_lane_mile_winter,safer_travel_multiplier,water_vulnerability_multiplier,safety_benefit_USD,freshwater_damage_USD,vegetation_damage_USD,vehicle_corrosion_USD,infrastructure_damage_USD,salt_application_USD,environmental_damage_USD,all_costs_USD,net_benefit_USD,next_ton_safety_USD,next_ton_environment_USD,next_ton_all_costs_USD
0,1,1,0.00,0.00,0.00,0.00,0.00,0.00,0.00,0.00,0.00,2175.23,25.00,245.00
1,1,1,2175.23,18.00,7.00,90.00,70.00,60.00,25.00,245.00,1930.23,1780.93,75.00,295.00
2,1,1,3956.16,72.00,28.00,180.00,140.00,120.00,100.00,540.00,3416.16,1458.10,125.00,345.00
3,1,1,5414.26,162.00,63.00,270.00,210.00,180.00,225.00,885.00,4529.26,1193.79,175.00,395.00
4,1,1,6608.05,288.00,112.00,360.00,280.00,240.00,400.00,1280.00,5328.05,977.39,225.00,445.00
5,1,1,7585.45,450.00,175.00,450.00,350.00,300.00,625.00,1725.00,5860.45,800.22,275.00,495.00
6,1,1,8385.67,648.00,252.00,540.00,420.00,360.00,900.00,2220.00,6165.67,655.17,325.00,545.00
7,1,1,9040.84,882.00,343.00,630.00,490.00,420.00,1225.00,2765.00,6275.84,536.41,375.00,595.00
8,1,1,9577.24,1152.00,448.00,720.00,560.00,480.00,1600.00,3360.00,6217.24,439.17,425.00,645.00
9,1,1,10016.41,1458.00,567.00,810.00,630.00,540.00,2025.00,4005.00,6011.41,359.56,475.00,695.00
10,1,1,10375.98,1800.00,700.00,900.00,700.00,600.00,2500.00,4700.00,5675.98,294.39,525.00,745.00
11,1,1,10670.36,2178.00,847.00,990.00,770.00,660.00,3025.00,5445.00,5225.36,241.02,575.00,795.00
12,1,1,10911.38,2592.00,1008.00,1080.00,840.00,720.00,3600.00,6240.00,4671.38,197.33,625.00,845.00
13,1,1,11108.72,3042.00,1183.00,1170.00,910.00,780.00,4225.00,7085.00,4023.72,161.56,675.00,895.00
14,1,1,11270.28,3528.00,1372.00,1260.00,980.00,840.00,4900.00,7980.00,3290.28,132.28,725.00,945.00
15,1,1,11402.56,4050.00,1575.00,1350.00,1050.00,900.00,5625.00,8925.00,2477.56,108.30,775.00,995.00
16,1,1,11510.85,4608.00,1792.00,1440.00,1120.00,960.00,6400.00,9920.00,1590.85,88.67,825.00,1045.00
17,1,1,11599.52,5202.00,2023.00,1530.00,1190.00,1020.00,7225.00,10965.00,634.52,72.59,875.00,1095.00
18,1,1,11672.12,5832.00,2268.00,1620.00,1260.00,1080.00,8100.00,12060.00,-387.88,59.44,925.00,1145.00
19,1,1,11731.55,6498.00,2527.00,1710.00,1330.00,1140.00,9025.00,13205.00,-1473.45,48.66,975.00,1195.00
20,1,1,11780.21,7200.00,2800.00,1800.00,1400.00,1200.00,10000.00,14400.00,-2619.79,,,
